{"cameraMode":{"drawMode":0,"name":"Shaded","section":"Shading Mode"},"sceneLighting":true,"audioPlay":false,"sceneViewState":{"m_AlwaysRefresh":false,"showFog":true,"showSkybox":true,"showFlares":true,"showImageEffects":true,"showParticleSystems":true,"showVisualEffectGraphs":true,"m_FxEnabled":true},"in2DMode":false,"pivot":{"x":1.950775384902954,"y":-3.8532073497772219,"z":-5.191879749298096},"rotation":{"x":0.009261121042072773,"y":0.9772613644599915,"z":-0.20676521956920625,"w":0.04370049387216568},"size":10.579667091369629,"orthographic":false}